Age,Income,Credit_Score,Num_Transactions,Avg_Transaction_Value,Loan_Repayment_History,Account_Type,Region,Class
56,44674,670,91,3941.72,Bad,Current,North,Standard
69,45854,485,162,3685.5,Bad,Investment,South,Risky
46,56271,545,179,1952.56,Bad,Investment,West,Risky
32,83688,567,181,174.71,Bad,Current,North,Risky
60,48518,536,179,4203.04,Bad,Investment,South,Risky
25,20267,829,88,106.52,Bad,Investment,North,0
38,11062,320,86,3533.31,Bad,Savings,East,Risky
56,60448,819,150,4852.77,Bad,Savings,North,High Value
36,16229,399,198,2216.42,Bad,Savings,West,Risky
40,66793,777,72,1213.12,Average,Savings,South,High Value
28,57915,597,165,3539.11,Bad,Investment,West,Risky
28,14632,825,131,4094.78,Good,Current,South,0
41,13596,633,168,2754.83,Average,Investment,East,0
53,16168,301,86,4836.82,Bad,Investment,South,Risky
57,17561,674,151,305.76,Good,Investment,North,0
41,83794,592,160,2548.74,Bad,Current,North,Risky
20,92152,617,172,3606.35,Good,Savings,East,Standard
39,36734,801,88,4320.07,Good,Investment,South,Standard
19,16371,680,117,937.32,Good,Investment,East,0
41,36069,313,80,4010.02,Good,Savings,North,Risky
61,89905,803,126,2785.9,Average,Investment,West,High Value
47,22910,530,147,2012.94,Average,Current,East,Risky
55,83479,383,45,701.99,Good,Investment,West,Risky
19,87735,429,171,4333.21,Bad,Investment,West,Risky
38,91264,444,6,828.5,Good,Savings,South,Risky
50,33275,327,195,1583.45,Average,Investment,East,Risky
29,82274,365,33,1485.73,Bad,Investment,West,Risky
39,91449,462,109,4363.5,Average,Current,West,Risky
61,70004,528,198,3379.88,Average,Savings,South,Risky
42,72981,560,55,3993.57,Bad,Savings,South,Risky
66,94659,748,79,1289.82,Good,Current,North,High Value
44,64553,723,14,3143.13,Good,Investment,West,High Value
59,58447,759,146,2880.14,Good,Savings,North,High Value
45,44529,600,55,4172.51,Good,Savings,West,Standard
33,85703,602,122,4535.13,Bad,Investment,North,Standard
32,86090,586,125,110.18,Bad,Investment,South,Risky
64,27260,694,43,3386.4,Bad,Savings,East,0
68,13812,309,32,306.59,Average,Investment,South,Risky
61,38024,569,7,2766.85,Bad,Savings,North,Risky
69,68656,660,88,1473.78,Good,Investment,North,Standard
20,37285,556,159,1568.54,Average,Investment,East,Risky
54,11605,432,121,1797.14,Good,Current,West,Risky
68,81158,575,6,3125.4,Good,Investment,North,Risky
24,82303,812,97,1703.55,Bad,Current,North,High Value
38,37139,612,170,3676.86,Bad,Investment,North,Standard
26,87149,583,135,2052.41,Good,Savings,East,Risky
56,66138,420,148,388.35,Good,Savings,South,Risky
35,86125,406,98,3929.61,Average,Investment,North,Risky
21,23918,503,44,1464.5,Bad,Investment,East,Risky
42,95655,464,6,2192.2,Average,Savings,North,Risky
31,37446,604,85,3442.95,Average,Investment,West,Standard
67,23046,796,173,1695.66,Average,Current,East,0
26,34818,455,16,330.1,Good,Current,North,Risky
43,14324,666,167,1900.91,Average,Current,East,0
19,86323,550,69,4725.02,Average,Current,North,Risky
37,19111,633,59,3226.59,Good,Current,South,0
45,48110,810,49,3373.82,Bad,Investment,North,Standard
64,26389,592,105,3179.8,Bad,Investment,East,Risky
24,51427,319,66,1035.01,Average,Current,West,Risky
61,89579,581,53,2120.75,Good,Investment,West,Risky
25,38746,300,131,3767.15,Bad,Investment,West,Risky
64,97886,418,157,551.8,Average,Current,North,Risky
52,10117,334,27,1425.37,Average,Investment,South,Risky
31,94471,497,156,1417.78,Good,Investment,North,Risky
34,23234,784,42,2188.49,Average,Investment,West,0
53,63441,358,32,4902.83,Bad,Current,East,Risky
67,10846,460,25,384.14,Good,Investment,West,Risky
57,20954,505,186,2617.57,Bad,Savings,East,Risky
21,89239,311,111,937.86,Bad,Savings,South,Risky
19,56514,789,150,4854.85,Bad,Current,East,High Value
23,98236,575,168,610.85,Average,Savings,North,Risky
59,16469,541,103,2047.82,Average,Current,North,Risky
21,40105,515,177,3702.53,Bad,Savings,North,Risky
46,52101,550,123,3537.54,Bad,Savings,East,Risky
35,74323,425,77,2142.51,Good,Savings,North,Risky
43,68067,516,185,1765.29,Good,Current,North,Risky
61,59376,605,126,2018.18,Average,Current,North,Standard
51,55587,484,34,1358.17,Average,Investment,South,Risky
27,46976,338,192,1066.4,Good,Current,East,Risky
53,77584,522,112,2441.05,Bad,Savings,East,Risky
31,88477,483,102,1379.24,Average,Savings,West,Risky
48,52533,794,36,1472.94,Bad,Current,East,High Value
65,11828,726,199,3300.94,Good,Current,South,0
32,11917,477,199,4844.26,Average,Current,East,Risky
25,30618,727,160,3038.0,Average,Investment,South,Standard
31,42254,593,176,431.05,Good,Savings,South,Risky
40,57362,450,83,424.14,Average,Investment,East,Risky
57,30128,683,45,4759.54,Good,Investment,West,Standard
38,69383,607,67,1521.59,Average,Savings,North,Standard
33,75545,635,27,505.73,Good,Savings,North,Standard
62,92180,674,108,3015.27,Average,Current,East,Standard
35,97958,307,79,3137.06,Bad,Current,East,Risky
64,19865,640,52,3260.1,Bad,Investment,South,0
41,12219,428,164,1373.64,Bad,Current,East,Risky
43,49809,651,61,124.8,Average,Current,South,Standard
42,15287,657,122,4826.83,Average,Savings,West,0
62,44387,816,104,1291.92,Bad,Savings,East,Standard
58,18512,794,128,3396.33,Bad,Current,North,0
46,11342,385,165,3547.82,Good,Savings,North,Risky
32,73076,474,156,3069.54,Good,Current,East,Risky
62,29216,492,171,1598.89,Good,Savings,South,Risky
18,89767,610,38,1391.93,Bad,Savings,North,Standard
42,36614,418,188,3008.46,Bad,Savings,South,Risky
24,46258,517,160,4337.17,Bad,Savings,East,Risky
26,52078,726,169,4736.33,Good,Current,East,High Value
41,93524,713,11,574.23,Average,Investment,North,High Value
18,22219,413,169,816.4,Bad,Savings,East,Risky
61,10235,444,60,4726.44,Average,Current,West,Risky
25,52929,837,69,3695.85,Average,Current,West,High Value
41,77444,602,197,4420.82,Average,Savings,North,Standard
28,18567,644,51,1053.03,Good,Investment,West,0
68,80792,300,152,2958.55,Average,Savings,South,Risky
34,75441,446,23,3520.64,Bad,Current,North,Risky
25,94555,586,161,3416.55,Good,Investment,North,Risky
52,83698,352,192,2070.35,Bad,Current,South,Risky
52,15415,603,150,126.2,Bad,Savings,West,0
50,46159,368,167,2935.48,Good,Investment,West,Risky
22,53925,660,175,1302.85,Bad,Current,West,Standard
59,15951,519,130,2278.76,Bad,Current,North,Risky
56,97388,460,143,4790.03,Good,Current,North,Risky
58,18007,388,53,2025.22,Bad,Savings,West,Risky
45,51832,458,117,4207.02,Average,Investment,East,Risky
24,68596,788,42,983.28,Bad,Savings,West,High Value
26,40523,623,68,3378.68,Average,Savings,South,Standard
25,98861,680,73,4886.18,Bad,Savings,North,Standard
29,96740,401,140,554.37,Good,Investment,South,Risky
51,25524,793,166,91.18,Good,Savings,South,0
50,29282,318,180,2196.23,Bad,Savings,North,Risky
65,33930,753,120,508.5,Good,Savings,East,Standard
40,10077,781,188,3754.5,Bad,Savings,West,0
41,30611,696,69,4577.02,Good,Current,South,Standard
54,26984,578,35,2198.4,Average,Savings,North,Risky
52,24060,664,136,1330.62,Bad,Current,South,0
61,92985,630,117,2200.3,Average,Savings,West,Standard
57,94056,643,113,3631.07,Average,Investment,East,Standard
39,53303,754,182,94.82,Bad,Current,East,High Value
44,69207,364,73,2967.8,Average,Current,East,Risky
52,85046,375,162,3085.79,Bad,Current,North,Risky
18,39287,442,124,3206.56,Average,Current,North,Risky
52,49711,772,92,1248.01,Bad,Investment,East,Standard
54,21954,716,191,3584.56,Bad,Savings,West,0
64,83340,604,71,502.39,Good,Current,West,Standard
31,82101,796,79,1036.39,Bad,Investment,North,High Value
20,81520,590,49,4393.48,Bad,Current,East,Risky
18,97062,401,8,3706.68,Average,Savings,West,Risky
22,28574,566,158,118.04,Bad,Current,West,Risky
43,19184,302,159,1279.46,Good,Investment,West,Risky
31,29096,384,178,1111.31,Average,Savings,North,Risky
56,77728,627,111,1390.49,Average,Investment,East,Standard
44,44016,749,196,1275.42,Good,Savings,South,Standard
26,21246,753,55,359.51,Average,Savings,East,0
32,55558,520,54,2321.76,Average,Savings,East,Risky
32,28381,453,10,3677.03,Average,Current,North,Risky
43,46455,311,63,3053.32,Average,Investment,West,Risky
59,14018,432,129,3380.71,Good,Investment,West,Risky
30,21302,603,147,451.69,Good,Investment,North,0
68,77506,592,34,4759.88,Average,Savings,North,Risky
49,51157,599,174,4200.53,Average,Current,North,Risky
56,64917,342,126,4035.2,Good,Savings,North,Risky
66,93122,642,129,4123.77,Good,Investment,North,Standard
69,34519,625,41,4666.92,Good,Current,South,Standard
49,97487,797,174,2744.06,Average,Current,East,High Value
21,66819,663,128,1041.4,Average,Current,East,Standard
47,90910,726,105,3103.08,Bad,Investment,East,High Value
54,81324,320,39,3727.26,Good,Current,West,Risky
40,15408,706,91,3702.69,Average,Current,South,0
56,69379,635,138,2631.17,Good,Savings,East,Standard
62,35053,416,22,388.87,Average,Savings,West,Risky
32,19446,423,117,1887.01,Good,Current,South,Risky
60,10922,698,33,4607.79,Average,Current,South,0
46,61356,350,81,2943.02,Bad,Savings,West,Risky
53,20789,623,63,2714.74,Bad,Savings,South,0
30,76656,440,179,1380.82,Good,Savings,West,Risky
49,54028,769,130,1873.82,Average,Investment,East,High Value
24,74484,633,149,4481.96,Average,Investment,West,Standard
68,42154,672,113,3348.99,Good,Savings,South,Standard
39,92870,793,26,3947.57,Average,Current,East,High Value
45,12336,838,72,2299.01,Good,Savings,East,0
19,77779,455,73,3169.72,Average,Investment,North,Risky
59,29029,590,169,1279.5,Good,Current,North,Risky
62,69201,443,53,3542.03,Average,Investment,South,Risky
23,42265,405,145,2166.63,Good,Current,West,Risky
45,53872,719,166,2240.6,Average,Investment,West,High Value
45,56197,301,113,3264.15,Bad,Current,South,Risky
61,65180,389,90,4684.59,Average,Current,East,Risky
61,33710,644,57,366.83,Good,Current,South,Standard
37,39486,649,127,4132.48,Bad,Current,South,Standard
47,81907,758,91,1497.3,Average,Investment,East,High Value
28,81895,562,183,2247.4,Bad,Investment,West,Risky
45,74435,650,135,158.47,Average,Current,South,Standard
42,50631,407,46,1540.18,Bad,Current,West,Risky
56,30103,338,102,2538.02,Good,Investment,South,Risky
50,74772,458,164,328.07,Average,Current,East,Risky
18,24382,611,113,2480.92,Average,Current,East,0
44,94291,540,55,4639.2,Good,Current,North,Risky
69,13756,744,89,571.7,Bad,Savings,East,0
30,30609,597,178,3833.98,Good,Current,North,Risky
58,26478,335,131,2077.87,Good,Savings,South,Risky
20,49666,383,25,3293.11,Bad,Current,West,Risky
56,85683,751,48,1338.17,Good,Investment,East,High Value
23,81315,684,143,839.49,Average,Savings,East,Standard
25,87834,471,107,844.29,Average,Savings,East,Risky
44,24153,675,72,398.94,Average,Current,South,0
26,86325,661,133,968.95,Good,Current,North,Standard
54,22999,440,96,3337.89,Average,Savings,South,Risky
50,65318,417,195,4414.37,Average,Investment,West,Risky
68,10814,576,28,4079.92,Average,Investment,South,Risky
59,86077,519,129,3441.41,Average,Current,West,Risky
61,12443,325,145,596.64,Average,Investment,East,Risky
41,85993,820,115,1481.48,Average,Investment,West,High Value
32,85916,309,102,1583.54,Good,Current,West,Risky
49,83319,677,143,1287.29,Average,Investment,North,Standard
49,27368,451,183,2599.28,Average,Current,West,Risky
41,25328,348,21,2700.99,Bad,Savings,West,Risky
58,66942,453,103,1816.59,Good,Current,South,Risky
69,37306,592,86,1801.26,Good,Savings,East,Risky
66,95451,349,108,4151.35,Good,Savings,South,Risky
66,49915,830,156,3957.0,Good,Investment,South,Standard
69,47219,359,23,1573.59,Average,Investment,East,Risky
29,90879,466,169,4573.25,Average,Investment,East,Risky
56,74644,501,89,4766.43,Bad,Current,West,Risky
19,70279,445,12,1667.38,Bad,Investment,West,Risky
20,63028,738,32,1804.4,Good,Savings,North,High Value
66,10126,541,9,2552.89,Bad,Investment,South,Risky
54,62329,782,149,4708.55,Bad,Investment,East,High Value
66,37632,407,105,4387.78,Good,Current,West,Risky
34,75310,525,168,557.71,Good,Current,East,Risky
66,65176,731,122,1994.02,Bad,Savings,West,High Value
19,96066,718,151,2789.19,Average,Current,North,High Value
19,54327,754,68,2540.51,Bad,Investment,North,High Value
45,78904,459,95,1009.62,Bad,Current,East,Risky
40,13797,822,121,4301.14,Average,Savings,North,0
54,57882,376,102,3400.86,Average,Investment,East,Risky
49,23718,808,15,4197.65,Good,Savings,West,0
50,44560,740,58,4300.88,Good,Current,South,Standard
18,86589,553,177,3754.36,Bad,Current,North,Risky
36,32116,619,51,2224.09,Average,Savings,West,Standard
19,46244,562,144,3072.21,Good,Investment,South,Risky
61,11645,673,153,843.81,Bad,Current,South,0
43,57523,466,143,3384.54,Average,Current,South,Risky
49,29256,758,9,937.3,Bad,Investment,West,0
23,63173,579,188,3485.05,Good,Current,West,Risky
49,47430,601,24,1186.51,Good,Savings,East,Standard
21,49282,830,173,631.88,Average,Current,South,Standard
28,73374,517,50,868.16,Bad,Current,South,Risky
34,78244,401,16,59.86,Average,Investment,South,Risky
55,21694,587,74,3607.76,Good,Savings,East,Risky
41,66264,466,21,3675.39,Good,Investment,South,Risky
22,85060,335,119,2598.92,Bad,Current,West,Risky
69,67545,652,151,848.75,Bad,Current,South,Standard
51,49224,372,158,463.59,Bad,Investment,North,Risky
23,23224,652,52,144.69,Average,Investment,West,0
39,50738,369,112,870.45,Bad,Investment,East,Risky
28,35150,724,56,4459.73,Bad,Savings,South,Standard
65,73731,816,100,1245.61,Good,Current,North,High Value
33,59688,727,74,1803.64,Good,Investment,East,High Value
50,83509,838,187,571.46,Bad,Current,East,High Value
26,18577,459,106,1150.69,Bad,Savings,West,Risky
23,18070,448,79,2620.16,Good,Savings,East,Risky
33,18666,529,165,3058.38,Bad,Savings,East,Risky
46,67761,366,194,1264.49,Average,Savings,East,Risky
20,46368,680,155,335.77,Average,Current,East,Standard
37,16783,357,147,1985.61,Average,Savings,South,Risky
53,51914,558,159,1209.31,Bad,Savings,South,Risky
36,80507,641,196,1136.79,Good,Investment,South,Standard
43,89026,429,183,4801.32,Bad,Savings,South,Risky
20,77526,471,185,3100.69,Bad,Investment,North,Risky
36,80835,508,86,2806.55,Good,Savings,South,Risky
37,55765,653,96,2108.09,Good,Savings,East,Standard
49,29956,770,183,2173.27,Good,Investment,South,0
24,97895,415,179,2727.48,Average,Savings,South,Risky
69,56240,563,8,3497.33,Bad,Current,West,Risky
58,47148,741,139,3525.62,Good,Current,East,Standard
50,14757,847,113,899.88,Bad,Savings,South,0
57,29097,752,167,2525.56,Average,Current,South,0
56,20395,776,52,2089.19,Average,Investment,South,0
35,26241,586,77,4359.11,Good,Savings,North,Risky
57,37696,602,76,3175.52,Good,Savings,South,Standard
18,80480,610,120,2685.9,Bad,Investment,West,Standard
28,56163,507,177,621.2,Good,Investment,East,Risky
45,29816,745,85,3047.91,Bad,Investment,East,0
42,59840,354,85,630.16,Good,Savings,South,Risky
67,62853,311,117,1719.17,Bad,Investment,South,Risky
40,34917,699,100,757.07,Bad,Investment,South,Standard
48,31566,814,76,3475.76,Bad,Current,East,Standard
47,85452,841,151,1070.95,Bad,Current,East,High Value
59,72823,536,67,1989.7,Average,Savings,North,Risky
52,30806,578,42,4483.59,Bad,Current,West,Risky
24,85520,647,71,1061.37,Good,Current,North,Standard
33,11759,403,191,2563.64,Average,Investment,West,Risky
43,51949,816,73,2125.39,Average,Investment,North,High Value
65,12482,547,17,139.71,Bad,Current,East,Risky
69,34442,663,179,3974.15,Average,Current,North,Standard
66,43719,620,193,391.78,Bad,Current,West,Standard
19,68066,585,35,2397.56,Good,Savings,South,Risky
18,12079,448,118,2825.36,Bad,Savings,West,Risky
65,12717,383,26,3160.71,Average,Savings,South,Risky
29,69676,705,97,3458.73,Good,Current,East,High Value
22,37952,755,175,1303.7,Bad,Current,West,Standard
54,96444,460,71,99.39,Good,Savings,North,Risky
49,52460,759,58,3631.05,Good,Savings,West,High Value
26,82847,849,142,2701.5,Average,Current,South,High Value
58,99106,799,46,4188.78,Good,Investment,East,High Value
52,28449,808,68,4115.87,Average,Savings,North,0
36,43536,780,130,4224.46,Good,Current,West,Standard
65,74077,413,25,2451.22,Bad,Current,South,Risky
33,48258,660,198,1701.46,Good,Investment,North,Standard
20,58302,640,173,3968.21,Bad,Current,East,Standard
37,38865,748,156,2283.91,Bad,Current,North,Standard
41,16645,479,39,958.04,Good,Savings,East,Risky
50,48000,706,188,4282.12,Bad,Savings,North,Standard
41,36737,495,34,4418.67,Good,Investment,West,Risky
69,21485,765,61,2358.23,Good,Investment,South,0
28,48565,610,51,424.71,Bad,Current,West,Standard
66,35522,561,167,1969.74,Bad,Savings,West,Risky
25,75155,718,23,4027.51,Average,Investment,East,High Value
53,65168,705,118,4513.78,Bad,Investment,East,High Value
55,62487,442,12,1057.19,Average,Investment,East,Risky
57,22342,641,30,381.52,Bad,Current,West,0
37,50806,615,117,4392.88,Good,Savings,North,Standard
52,58770,400,75,1977.55,Bad,Investment,North,Risky
65,88623,543,34,2731.72,Good,Savings,West,Risky
42,85629,789,139,4841.93,Good,Investment,West,High Value
52,62603,311,71,379.5,Good,Investment,South,Risky
42,91974,538,69,3259.17,Average,Savings,East,Risky
46,36399,341,40,416.82,Bad,Savings,East,Risky
35,95382,728,29,1908.57,Good,Savings,West,High Value
63,91244,457,41,4028.88,Good,Current,West,Risky
35,86534,515,5,2195.69,Average,Investment,North,Risky
19,65106,761,147,4986.05,Bad,Current,West,High Value
52,40678,433,41,2817.34,Bad,Savings,North,Risky
33,86218,366,145,1639.75,Average,Investment,West,Risky
58,73230,306,140,1139.55,Average,Current,South,Risky
53,84055,825,137,1785.08,Bad,Investment,South,High Value
50,66373,372,192,1894.04,Average,Current,North,Risky
21,41480,698,132,390.13,Bad,Savings,East,Standard
50,95230,704,131,1879.39,Bad,Current,South,High Value
31,78836,429,5,2347.98,Good,Investment,North,Risky
38,82258,765,168,3627.55,Good,Investment,West,High Value
65,49986,505,39,3300.81,Bad,Investment,West,Risky
37,34160,565,198,3558.39,Bad,Investment,North,Risky
25,95595,836,195,91.4,Bad,Savings,East,High Value
24,89111,552,108,1127.45,Bad,Current,North,Risky
20,74929,588,27,3325.34,Bad,Savings,North,Risky
34,83506,463,13,2445.75,Bad,Savings,South,Risky
50,44911,394,38,76.3,Average,Savings,North,Risky
65,97127,409,178,4032.25,Bad,Investment,North,Risky
29,41821,635,132,3875.41,Average,Investment,West,Standard
68,85039,537,8,2764.67,Average,Investment,South,Risky
39,70535,680,162,378.99,Bad,Current,West,Standard
39,94458,735,106,3844.25,Bad,Investment,West,High Value
63,22175,782,79,2939.38,Average,Current,East,0
47,64771,324,103,3920.7,Average,Investment,East,Risky
55,96925,416,76,3771.15,Bad,Investment,South,Risky
55,76358,781,7,4024.86,Bad,Savings,South,High Value
62,27327,691,146,2614.14,Average,Savings,East,0
68,57057,836,192,744.61,Average,Savings,East,High Value
25,16150,378,177,3372.23,Average,Current,East,Risky
44,14425,472,38,3121.35,Good,Current,East,Risky
44,26032,311,49,3724.15,Average,Investment,East,Risky
51,12198,427,65,890.91,Good,Current,West,Risky
38,70500,391,87,1015.13,Bad,Investment,South,Risky
47,63394,842,127,4457.53,Bad,Current,West,High Value
50,30079,831,106,3762.39,Average,Current,West,Standard
45,46220,746,20,4545.73,Bad,Current,North,Standard
64,51874,689,70,3805.64,Bad,Savings,West,Standard
50,23859,342,172,3005.92,Bad,Current,East,Risky
22,60460,553,149,3287.96,Bad,Savings,East,Risky
65,41419,429,123,4451.18,Good,Savings,North,Risky
36,18705,359,166,2915.09,Good,Current,North,Risky
21,52880,766,128,3180.34,Average,Investment,North,High Value
52,33236,586,148,824.56,Average,Investment,North,Risky
66,97955,816,106,2395.91,Average,Investment,North,High Value
34,95514,766,192,3596.17,Bad,Current,West,High Value
61,25358,644,70,1391.17,Bad,Investment,North,0
45,86918,681,198,1051.16,Good,Savings,West,Standard
47,24596,552,17,1603.44,Good,Investment,South,Risky
46,43572,355,188,1245.43,Average,Current,North,Risky
63,88757,762,115,1113.82,Good,Investment,North,High Value
23,11279,756,163,2153.01,Good,Savings,West,0
52,73197,382,38,4543.8,Good,Current,South,Risky
58,72516,398,43,2559.95,Good,Investment,West,Risky
54,17083,448,199,980.21,Good,Current,West,Risky
41,27771,628,140,431.01,Average,Current,North,0
46,39975,455,124,3495.97,Average,Current,East,Risky
66,55648,489,130,1944.85,Good,Investment,East,Risky
63,58285,793,59,4118.06,Average,Current,West,High Value
48,29063,562,31,3314.58,Bad,Investment,North,Risky
52,77642,379,122,3991.4,Good,Savings,South,Risky
50,96143,699,57,1396.13,Bad,Investment,East,Standard
69,47599,559,43,3477.18,Average,Savings,South,Risky
38,61920,400,69,1357.11,Average,Investment,East,Risky
49,38529,658,149,4698.39,Bad,Current,North,Standard
40,45954,679,162,3200.05,Average,Investment,West,Standard
50,37856,520,185,1656.33,Good,Current,South,Risky
20,12573,719,17,1384.08,Bad,Savings,South,0
35,88344,423,25,995.09,Good,Investment,West,Risky
42,45367,721,151,3488.47,Bad,Current,South,Standard
59,70774,530,57,1132.64,Average,Savings,East,Risky
48,33752,362,23,2996.75,Bad,Savings,West,Risky
20,65029,784,61,1359.94,Bad,Investment,East,High Value
57,27685,782,29,3326.75,Good,Savings,East,0
63,61693,818,35,4083.95,Average,Current,North,High Value
41,65961,454,85,3901.22,Good,Savings,East,Risky
67,86908,391,187,3816.21,Average,Savings,North,Risky
49,84532,825,27,979.23,Good,Current,South,High Value
64,91994,754,36,487.51,Bad,Savings,South,High Value
39,66133,809,194,3509.8,Good,Savings,North,High Value
40,71268,482,78,1873.32,Average,Savings,East,Risky
19,48243,685,14,2190.11,Average,Savings,West,Standard
44,67384,704,58,204.19,Bad,Current,West,High Value
59,41653,545,56,1334.9,Average,Savings,North,Risky
19,36657,770,152,216.7,Good,Current,South,Standard
43,49952,722,164,4401.97,Bad,Savings,South,Standard
34,32180,364,118,1254.81,Average,Savings,West,Risky
57,88411,312,18,2808.82,Average,Savings,North,Risky
50,11622,512,182,242.95,Good,Savings,West,Risky
26,58756,541,160,3350.89,Good,Current,East,Risky
60,50809,792,114,1648.99,Bad,Current,East,High Value
65,26725,512,57,4494.7,Average,Current,North,Risky
56,71396,637,156,4446.19,Good,Investment,North,Standard
46,61226,472,83,1660.19,Bad,Savings,East,Risky
59,91182,463,26,4509.76,Average,Savings,South,Risky
43,92565,764,34,4980.98,Average,Current,North,High Value
52,39402,796,195,4135.81,Bad,Investment,East,Standard
67,14263,694,8,4232.11,Bad,Savings,East,0
42,56828,607,63,1282.59,Good,Current,South,Standard
41,57924,482,12,2904.68,Average,Savings,South,Risky
30,84182,809,16,382.92,Average,Savings,South,High Value
24,69052,845,123,519.84,Average,Current,South,High Value
53,21664,526,163,4994.52,Bad,Current,West,Risky
62,45737,735,38,1666.86,Good,Savings,South,Standard
37,99563,721,86,3753.51,Average,Savings,West,High Value
18,39373,320,102,4042.99,Bad,Current,North,Risky
25,46397,696,131,4297.22,Average,Savings,East,Standard
63,96145,404,79,4988.26,Good,Savings,West,Risky
33,48709,491,109,1245.41,Average,Current,North,Risky
31,71120,316,53,249.74,Good,Savings,North,Risky
29,29250,419,83,2085.4,Good,Savings,West,Risky
68,31172,692,189,693.9,Average,Investment,North,Standard
40,21555,724,97,161.01,Average,Current,North,0
32,97410,428,158,1834.11,Good,Investment,West,Risky
45,88617,429,22,3929.5,Bad,Investment,North,Risky
51,63276,328,100,2852.59,Good,Investment,South,Risky
19,67492,396,42,1598.25,Average,Savings,South,Risky
49,63002,309,91,3288.99,Average,Savings,East,Risky
40,99599,541,92,1198.49,Bad,Investment,North,Risky
39,82355,531,54,121.19,Good,Investment,East,Risky
68,34762,583,12,3833.55,Good,Investment,South,Risky
42,21046,499,173,3137.53,Good,Savings,South,Risky
39,38769,378,138,3823.4,Average,Investment,South,Risky
39,63302,472,73,242.74,Good,Investment,North,Risky
66,33150,766,176,4193.74,Bad,Current,North,Standard
69,78247,715,125,3116.65,Average,Current,South,High Value
59,14853,748,68,2838.81,Average,Savings,East,0
23,99399,386,161,3141.84,Good,Current,East,Risky
32,31792,400,160,4328.94,Bad,Current,West,Risky
60,69129,307,143,2955.34,Average,Current,South,Risky
54,84478,499,125,2925.7,Average,Savings,East,Risky
50,77298,804,69,4953.86,Good,Current,South,High Value
25,41987,386,111,3795.81,Good,Savings,East,Risky
61,25850,342,151,2239.35,Bad,Investment,West,Risky
61,22112,684,141,3551.62,Good,Current,West,0
22,34058,734,159,1976.69,Bad,Savings,South,Standard
56,55420,707,166,1182.93,Average,Current,East,High Value
21,48890,782,176,3004.42,Bad,Investment,North,Standard
23,76017,316,104,4644.5,Bad,Savings,West,Risky
62,57304,447,86,4649.24,Bad,Savings,South,Risky
49,42921,576,147,1742.43,Average,Savings,South,Risky
69,11524,531,55,2662.0,Good,Investment,East,Risky
47,25048,665,145,1097.6,Average,Investment,South,0
64,45111,527,87,4978.37,Good,Investment,West,Risky
52,47904,735,181,4906.53,Bad,Savings,South,Standard
57,64912,698,116,3265.07,Bad,Investment,South,Standard
69,44008,510,60,4031.85,Bad,Current,North,Risky
33,10060,690,183,3589.75,Bad,Investment,North,0
30,84666,798,169,2986.13,Bad,Savings,West,High Value
67,93559,839,149,314.07,Good,Current,East,High Value
59,65337,790,190,2301.08,Good,Investment,North,High Value
47,23350,741,161,3390.19,Bad,Current,East,0
36,34354,560,165,3403.78,Average,Current,West,Risky
34,55186,649,64,1896.96,Average,Savings,North,Standard
36,38145,651,124,4711.38,Bad,Current,East,Standard
45,44020,819,187,878.42,Good,Current,North,Standard
43,96123,619,142,2526.78,Average,Savings,West,Standard
54,85186,437,179,3469.88,Average,Savings,West,Risky
43,95469,849,27,3500.82,Average,Savings,North,High Value
40,30581,667,153,3260.76,Bad,Current,East,Standard
26,98929,519,17,1412.68,Average,Current,South,Risky
29,33051,636,105,823.22,Average,Current,South,Standard
18,61474,522,165,3197.9,Average,Savings,North,Risky
18,79626,659,28,3016.55,Average,Investment,East,Standard
64,16960,628,112,937.81,Good,Current,South,0
51,45772,762,15,3540.44,Bad,Investment,West,Standard
49,31520,681,21,2303.1,Bad,Savings,East,Standard
65,59481,468,179,3355.41,Good,Current,South,Risky
42,46408,516,29,4194.97,Good,Investment,East,Risky
57,67134,677,98,890.16,Bad,Current,North,Standard
62,30491,418,25,144.77,Average,Current,East,Risky
18,11341,489,88,3906.56,Average,Current,South,Risky
33,54623,669,144,3068.0,Bad,Investment,North,Standard
56,10338,448,41,3513.22,Average,Savings,East,Risky
22,81431,787,46,4198.87,Good,Current,West,High Value
39,22254,673,149,4023.91,Average,Savings,South,0
46,61860,459,105,4806.55,Average,Savings,North,Risky
20,21344,650,52,2702.88,Average,Investment,East,0
29,11750,587,107,2468.05,Bad,Investment,West,Risky
43,64756,587,32,2039.34,Good,Savings,South,Risky
33,77957,525,45,810.77,Average,Current,West,Risky
68,68053,822,103,2884.41,Bad,Investment,East,High Value
54,80855,821,51,1421.21,Average,Current,East,High Value
39,25896,572,150,4610.47,Good,Current,North,Risky
46,65761,701,109,2936.79,Average,Current,West,High Value
31,72552,482,128,2984.56,Good,Savings,North,Risky
45,87454,787,17,1806.88,Average,Current,South,High Value
22,37935,423,145,307.35,Good,Savings,North,Risky
64,47641,713,104,207.13,Average,Savings,South,Standard
66,39711,471,35,2145.51,Good,Current,East,Risky
47,80342,587,134,468.6,Average,Current,East,Risky
63,22182,734,20,3053.89,Average,Current,West,0
69,97833,412,141,4410.82,Bad,Current,South,Risky
22,66276,421,77,4420.43,Bad,Savings,East,Risky
29,29541,843,170,3312.27,Good,Current,West,0
33,92310,521,58,1095.6,Average,Current,West,Risky
43,54813,338,188,4321.83,Good,Savings,North,Risky
43,47198,796,104,4436.16,Bad,Investment,West,Standard
65,18820,532,113,1023.44,Good,Investment,East,Risky
38,34070,829,91,3700.26,Good,Savings,North,Standard
56,79768,448,177,1468.27,Bad,Investment,South,Risky
53,21122,696,166,4023.07,Average,Savings,South,0
50,90559,601,141,4986.33,Good,Current,East,Standard
47,83543,659,12,198.63,Bad,Current,East,Standard
54,93441,537,11,4491.96,Average,Investment,North,Risky
40,51786,535,40,3132.02,Bad,Current,North,Risky
27,16737,502,22,4868.24,Good,Investment,East,Risky
22,46062,555,7,2351.8,Average,Investment,East,Risky
53,64237,534,32,4244.57,Average,Current,South,Risky
51,61571,644,74,358.85,Bad,Current,South,Standard
69,35510,833,176,1709.63,Bad,Investment,South,Standard
48,29426,765,153,381.73,Bad,Current,East,0
27,47265,840,32,4877.95,Average,Savings,West,Standard
36,27850,512,58,4094.02,Average,Current,East,Risky
49,76150,762,186,4270.11,Good,Current,East,High Value
18,97312,735,69,4692.93,Average,Savings,South,High Value
22,99613,582,104,471.26,Good,Current,East,Risky
62,84910,762,25,1958.71,Bad,Current,North,High Value
21,62375,706,17,401.62,Bad,Investment,East,High Value
33,45435,387,61,1093.43,Average,Current,East,Risky
41,67132,343,53,1185.36,Bad,Current,East,Risky
33,88945,760,122,2372.08,Bad,Savings,East,High Value
19,92050,577,58,1379.38,Average,Investment,West,Risky
66,12983,720,142,549.84,Good,Investment,East,0
45,30662,652,57,879.08,Average,Investment,North,Standard
49,33510,814,48,779.01,Good,Current,North,Standard
44,88187,318,51,4866.73,Average,Investment,East,Risky
37,50998,322,57,3808.5,Average,Savings,South,Risky
41,66846,712,78,4840.42,Bad,Investment,West,High Value
29,16640,329,50,2226.72,Average,Savings,East,Risky
67,54547,407,17,1427.92,Average,Investment,East,Risky
52,64620,666,169,4001.55,Good,Investment,East,Standard
50,25317,580,106,1664.96,Bad,Savings,South,Risky
50,17564,427,28,1531.95,Good,Investment,South,Risky
68,37345,528,6,1200.9,Good,Investment,South,Risky
60,89273,410,85,691.91,Bad,Investment,West,Risky
54,84859,435,104,1319.49,Bad,Current,North,Risky
29,90765,661,146,1808.83,Bad,Savings,West,Standard
20,84038,485,142,3386.27,Average,Investment,South,Risky
18,62393,428,167,359.7,Bad,Savings,North,Risky
50,76081,560,157,1092.01,Bad,Savings,North,Risky
57,39430,814,135,4054.67,Bad,Savings,South,Standard
27,85532,748,115,777.26,Good,Investment,South,High Value
60,37788,403,106,1746.09,Good,Investment,West,Risky
61,58543,782,21,4330.06,Average,Savings,South,High Value
46,23919,523,16,816.88,Good,Current,North,Risky
30,79346,790,186,459.55,Average,Savings,East,High Value
29,49974,772,120,2448.46,Good,Current,South,Standard
48,26371,309,28,1546.98,Bad,Savings,South,Risky
63,55084,704,33,2838.87,Good,Savings,West,High Value
19,39629,601,175,4028.83,Average,Savings,West,Standard
68,61184,530,157,728.89,Good,Investment,South,Risky
67,71916,365,126,2924.46,Bad,Current,North,Risky
52,83972,411,192,2552.27,Average,Current,North,Risky
40,72187,312,94,763.19,Bad,Savings,East,Risky
34,22984,692,69,3138.79,Bad,Investment,South,0
43,43039,799,88,1404.52,Average,Investment,West,Standard
25,95431,533,123,2464.78,Bad,Current,North,Risky
46,93691,613,160,457.25,Bad,Investment,East,Standard
43,68606,311,20,2324.94,Good,Current,South,Risky
27,20616,508,179,1566.99,Bad,Current,North,Risky
43,60072,313,108,4120.79,Bad,Current,South,Risky
51,34574,717,96,332.04,Bad,Investment,South,Standard
68,13430,736,190,2122.11,Bad,Current,North,0
58,22676,676,31,2319.24,Average,Current,North,0
24,20816,319,185,3638.78,Good,Savings,North,Risky
21,42733,369,174,2892.72,Bad,Current,South,Risky
67,95680,510,191,3352.7,Bad,Current,South,Risky
62,12050,400,179,3896.39,Average,Savings,East,Risky
28,43933,431,166,4317.9,Bad,Savings,West,Risky
46,34951,680,169,1603.68,Average,Investment,South,Standard
53,42413,431,138,2713.21,Good,Current,West,Risky
42,44801,319,139,4208.53,Good,Investment,North,Risky
38,65619,835,157,4947.78,Bad,Investment,South,High Value
53,42913,526,37,4453.12,Bad,Savings,East,Risky
27,50600,453,59,1888.76,Bad,Investment,East,Risky
54,67775,768,190,1016.07,Average,Current,West,High Value
26,45400,704,11,2472.49,Bad,Savings,North,Standard
41,14494,501,61,3721.13,Bad,Current,West,Risky
52,90688,337,130,2488.22,Good,Current,North,Risky
66,99431,487,16,2441.75,Bad,Savings,East,Risky
52,84691,356,20,4199.24,Good,Current,West,Risky
65,53001,319,47,1838.95,Bad,Savings,East,Risky
53,77364,572,121,4305.98,Good,Current,East,Risky
35,55028,418,139,2063.68,Bad,Savings,North,Risky
66,47573,815,115,1674.75,Good,Investment,West,Standard
56,10806,520,55,2297.25,Average,Current,West,Risky
49,66638,825,164,3824.11,Good,Savings,East,High Value
41,39757,814,79,673.71,Good,Current,East,Standard
40,44636,635,12,1022.28,Good,Current,North,Standard
49,90097,354,49,4759.65,Bad,Current,South,Risky
54,58280,799,63,918.68,Bad,Savings,South,High Value
29,34262,835,136,2860.25,Bad,Investment,East,Standard
66,90435,461,108,2917.61,Average,Investment,South,Risky
30,72211,458,199,2473.64,Average,Investment,South,Risky
40,64842,487,161,3241.49,Good,Savings,South,Risky
42,66979,359,161,1187.64,Average,Investment,South,Risky
52,91470,618,102,2785.68,Good,Savings,East,Standard
58,48197,510,160,1892.26,Good,Current,South,Risky
47,51844,705,83,3325.25,Good,Current,South,High Value
34,74754,408,128,749.06,Average,Investment,North,Risky
66,44157,375,176,2875.84,Bad,Savings,East,Risky
37,87129,841,8,967.09,Average,Current,West,High Value
65,50042,613,94,1429.28,Good,Savings,West,Standard
42,71665,416,108,1132.61,Good,Savings,North,Risky
39,92856,318,141,955.05,Average,Current,North,Risky
30,37376,731,123,4137.27,Good,Savings,East,Standard
36,65554,649,137,1464.25,Good,Current,West,Standard
66,24199,482,60,4639.26,Average,Current,South,Risky
53,91412,412,100,4851.14,Average,Current,North,Risky
29,60948,482,182,2877.74,Average,Savings,West,Risky
58,83781,780,79,757.86,Good,Current,East,High Value
36,82750,445,147,1904.01,Good,Savings,South,Risky
29,76262,412,36,3998.77,Bad,Current,East,Risky
26,56600,775,32,1868.58,Bad,Current,North,High Value
24,86898,602,26,480.74,Average,Investment,West,Standard
45,72483,417,21,2806.09,Bad,Investment,West,Risky
31,28297,460,63,4233.35,Good,Investment,West,Risky
48,40448,700,94,3989.84,Bad,Savings,West,Standard
69,36172,497,110,916.86,Good,Savings,South,Risky
36,52874,559,189,3380.18,Average,Current,South,Risky
64,17657,346,30,1141.5,Average,Current,East,Risky
33,94386,698,29,1130.13,Good,Current,South,Standard
22,35425,377,142,4376.66,Bad,Current,North,Risky
52,36685,423,49,1285.86,Average,Savings,North,Risky
29,34578,374,87,1353.07,Average,Current,West,Risky
42,38831,436,15,53.23,Bad,Current,North,Risky
69,17906,699,185,4359.81,Bad,Investment,East,0
38,71413,804,108,3973.34,Good,Current,South,High Value
53,64028,799,72,3155.28,Bad,Current,South,High Value
40,17287,437,99,3763.82,Bad,Current,South,Risky
33,43660,349,160,802.64,Bad,Savings,North,Risky
56,85758,553,69,2318.7,Good,Investment,South,Risky
62,70504,725,53,1788.54,Good,Current,West,High Value
59,69720,846,179,514.19,Average,Current,West,High Value
56,44701,601,56,2456.35,Good,Investment,West,Standard
31,93300,648,106,4607.66,Average,Current,North,Standard
48,27674,348,186,248.29,Bad,Savings,South,Risky
22,93560,373,192,1492.73,Average,Current,North,Risky
52,33874,560,61,1077.33,Average,Savings,South,Risky
40,53642,655,51,1228.83,Bad,Savings,East,Standard
46,75160,559,163,4546.75,Average,Current,East,Risky
60,27602,594,178,2366.94,Good,Investment,North,Risky
28,98801,612,30,2358.18,Good,Savings,West,Standard
35,35931,481,118,3814.85,Good,Investment,North,Risky
64,39192,663,9,814.74,Good,Current,West,Standard
29,56542,487,88,2461.96,Average,Savings,South,Risky
26,52520,842,56,2178.43,Average,Current,West,High Value
27,74772,847,109,3004.71,Bad,Investment,West,High Value
61,68762,707,58,4997.81,Average,Current,South,High Value
34,60106,713,165,3858.77,Average,Current,East,High Value
55,91121,641,182,2019.44,Average,Savings,South,Standard
24,35559,519,170,4146.39,Bad,Current,North,Risky
63,43742,462,159,895.01,Good,Current,North,Risky
30,79669,519,19,200.8,Average,Current,North,Risky
57,90199,569,65,1062.02,Bad,Savings,North,Risky
59,31754,699,126,1735.04,Bad,Investment,North,Standard
26,13972,481,25,2577.37,Bad,Investment,East,Risky
67,80831,504,50,3094.89,Good,Current,East,Risky
44,51873,527,138,4557.5,Average,Savings,West,Risky
19,19903,549,42,2573.78,Bad,Current,North,Risky
22,13020,740,66,2531.31,Good,Investment,South,0
46,51755,832,90,298.7,Bad,Savings,North,High Value
54,95956,495,194,222.81,Bad,Investment,East,Risky
55,96988,818,82,2778.24,Bad,Investment,North,High Value
36,55648,369,50,2218.98,Bad,Savings,East,Risky
25,19516,698,145,4203.94,Bad,Savings,West,0
65,12396,502,7,845.36,Good,Current,West,Risky
62,94082,447,10,173.61,Average,Current,West,Risky
18,29129,771,97,2272.74,Average,Investment,East,0
39,11591,498,12,1225.52,Average,Savings,North,Risky
69,21303,725,176,295.59,Average,Savings,North,0
34,40561,791,112,3636.76,Good,Current,South,Standard
24,81719,441,165,602.39,Good,Investment,East,Risky
42,96231,612,79,3061.18,Good,Investment,South,Standard
62,17314,464,81,1441.2,Bad,Current,West,Risky
21,29623,613,54,908.81,Bad,Savings,North,0
53,77675,320,15,1929.77,Bad,Current,East,Risky
23,75082,381,99,4017.16,Average,Current,South,Risky
48,93624,430,160,1990.86,Bad,Current,South,Risky
36,43130,604,74,3766.31,Average,Current,South,Standard
61,61756,670,173,671.16,Bad,Savings,North,Standard
56,36292,683,20,3875.22,Average,Current,North,Standard
44,96206,744,72,1222.82,Bad,Savings,North,High Value
27,79274,724,103,3403.1,Bad,Current,East,High Value
43,12469,460,52,2850.62,Good,Investment,North,Risky
36,63947,477,188,4649.27,Bad,Savings,East,Risky
56,32534,789,68,1967.25,Bad,Investment,South,Standard
20,73620,626,191,377.52,Good,Current,South,Standard
62,58874,588,94,144.82,Average,Current,West,Risky
30,59708,653,194,4142.95,Good,Current,North,Standard
67,84553,327,80,2647.44,Good,Savings,South,Risky
45,78344,342,143,3887.46,Average,Investment,North,Risky
37,59138,722,105,1210.41,Bad,Savings,East,High Value
45,64302,476,93,1758.16,Average,Savings,South,Risky
25,57638,828,22,199.01,Bad,Current,North,High Value
58,88249,793,23,4809.39,Bad,Investment,South,High Value
56,12719,497,59,3355.95,Average,Current,South,Risky
18,32890,816,106,4669.37,Good,Savings,North,Standard
20,87236,813,122,1364.21,Average,Current,South,High Value
30,46509,321,158,3076.74,Bad,Investment,South,Risky
45,52534,411,138,3408.57,Average,Current,South,Risky
66,28787,356,8,1621.87,Average,Investment,South,Risky
42,58845,365,112,4248.14,Bad,Investment,East,Risky
50,67932,397,119,4738.45,Good,Current,South,Risky
55,43062,443,33,4430.03,Average,Savings,West,Risky
23,85713,734,63,3708.38,Bad,Current,South,High Value
61,97263,385,129,1423.45,Bad,Savings,North,Risky
62,70461,643,102,1444.0,Average,Savings,West,Standard
49,85418,593,21,4818.63,Good,Current,East,Risky
62,76672,542,111,100.91,Average,Savings,West,Risky
64,44832,331,47,3594.45,Good,Savings,West,Risky
38,41966,690,84,3545.92,Good,Current,West,Standard
33,82545,576,198,3132.31,Good,Current,North,Risky
38,22987,831,166,4951.04,Good,Current,North,0
28,47311,453,12,1593.8,Average,Savings,North,Risky
54,41575,682,145,1732.86,Bad,Investment,East,Standard
53,73852,367,110,440.75,Bad,Savings,North,Risky
52,11007,513,12,2241.85,Bad,Investment,North,Risky
36,80981,675,100,1342.19,Bad,Current,West,Standard
37,86242,512,98,1749.76,Bad,Investment,North,Risky
35,57517,378,69,4181.13,Bad,Current,South,Risky
64,39257,680,175,4680.65,Average,Current,North,Standard
58,97272,357,43,969.38,Good,Investment,East,Risky
66,52207,325,85,1893.92,Bad,Current,East,Risky
31,23281,746,191,4646.72,Average,Investment,South,0
32,71246,365,88,355.95,Bad,Current,East,Risky
48,11435,553,92,507.18,Bad,Savings,East,Risky
18,36660,343,90,855.82,Good,Savings,West,Risky
20,15084,396,97,2996.3,Good,Current,South,Risky
33,92197,526,90,794.84,Good,Current,West,Risky
40,23507,735,48,4841.98,Bad,Investment,West,0
28,82595,678,141,2261.24,Bad,Savings,North,Standard
29,93807,477,169,2532.51,Bad,Investment,South,Risky
27,55539,726,78,1270.96,Good,Current,North,High Value
49,17491,606,40,2381.25,Average,Current,North,0
33,60192,803,105,3326.47,Bad,Investment,West,High Value
25,90395,567,160,3768.33,Bad,Current,East,Risky
55,73888,307,174,3781.65,Bad,Savings,South,Risky
29,83609,807,175,2910.56,Average,Investment,East,High Value
41,19077,775,174,4526.58,Bad,Savings,West,0
45,30953,596,108,4096.17,Average,Savings,West,Risky
25,86919,463,70,3797.39,Bad,Savings,West,Risky
45,77889,784,59,325.25,Average,Investment,West,High Value
53,33821,371,180,84.05,Bad,Current,West,Risky
43,47567,537,95,1101.61,Good,Savings,West,Risky
25,34860,403,26,3334.44,Good,Savings,East,Risky
67,31195,509,105,2085.43,Good,Savings,North,Risky
45,87475,767,159,2041.91,Good,Current,East,High Value
45,97266,753,125,4428.71,Bad,Current,South,High Value
54,31427,567,97,4483.04,Good,Investment,East,Risky
58,37083,685,199,4550.42,Average,Current,West,Standard
53,97046,686,112,1603.7,Good,Investment,East,Standard
44,67372,558,145,3470.73,Good,Investment,North,Risky
34,54064,582,177,1394.58,Good,Investment,South,Risky
26,17813,339,14,993.52,Bad,Investment,East,Risky
50,41598,785,13,963.93,Good,Investment,North,Standard
37,37082,519,186,1743.43,Average,Savings,East,Risky
30,39241,428,159,2178.29,Good,Current,South,Risky
45,54569,819,38,4163.2,Good,Savings,East,High Value
65,21745,559,133,643.46,Good,Investment,West,Risky
46,36029,665,164,3687.88,Average,Current,East,Standard
30,23025,843,93,2680.7,Good,Savings,North,0
63,24288,823,97,1475.33,Average,Savings,East,0
52,99186,315,75,2489.46,Average,Investment,North,Risky
23,16540,428,71,1534.71,Good,Savings,South,Risky
35,91958,408,152,3000.61,Average,Savings,East,Risky
68,78878,832,121,2197.53,Bad,Savings,South,High Value
22,51846,568,98,863.81,Good,Savings,South,Risky
64,85932,461,167,627.09,Good,Savings,East,Risky
42,27482,559,103,2756.14,Average,Investment,North,Risky
19,33411,401,117,4516.94,Average,Investment,South,Risky
27,60975,805,107,1752.59,Good,Savings,South,High Value
47,70545,546,95,3678.35,Bad,Investment,East,Risky
67,88797,836,94,3310.37,Average,Investment,East,High Value
62,62307,430,21,4661.2,Average,Current,East,Risky
22,13093,652,22,4113.86,Bad,Savings,East,0
50,87258,495,177,2854.7,Bad,Investment,East,Risky
18,32042,681,120,3302.3,Good,Investment,West,Standard
35,62930,526,97,4497.01,Bad,Savings,East,Risky
49,54413,775,185,2027.62,Good,Current,North,High Value
64,43756,776,95,1667.63,Bad,Savings,South,Standard
66,63268,564,86,103.51,Average,Current,North,Risky
28,49214,671,72,4141.43,Good,Savings,North,Standard
38,91871,785,197,4014.85,Good,Savings,West,High Value
43,38602,733,118,567.05,Good,Savings,East,Standard
42,63331,510,5,2905.44,Bad,Savings,South,Risky
39,58901,676,62,2346.71,Average,Current,North,Standard
44,73416,694,158,637.61,Good,Current,East,Standard
66,42196,749,113,4903.81,Good,Investment,East,Standard
30,15626,663,152,1112.74,Good,Savings,West,0
50,17424,756,120,382.81,Good,Current,West,0
51,22857,525,91,2994.49,Average,Current,West,Risky
58,29982,430,14,3707.39,Bad,Current,South,Risky
52,86961,775,63,210.6,Average,Savings,North,High Value
18,11980,576,45,3310.65,Good,Investment,West,Risky
38,58290,455,109,2684.84,Average,Current,West,Risky
65,36431,517,137,561.16,Good,Savings,West,Risky
23,94976,489,126,903.99,Bad,Current,North,Risky
45,92711,716,197,2861.47,Bad,Current,North,High Value
34,36385,845,149,1516.97,Bad,Investment,West,Standard
22,48158,340,26,4694.66,Good,Current,West,Risky
48,33019,606,102,4102.76,Average,Current,East,Standard
22,28639,637,173,4918.66,Bad,Savings,West,0
55,95530,613,72,1335.37,Good,Savings,South,Standard
20,31563,374,143,4850.13,Good,Investment,South,Risky
40,49341,578,60,2184.61,Average,Savings,West,Risky
54,15776,475,183,1770.22,Bad,Savings,North,Risky
54,46444,572,153,299.23,Good,Investment,East,Risky
27,78916,588,103,311.19,Average,Current,North,Risky
27,18711,571,80,3475.46,Bad,Investment,West,Risky
36,84318,365,30,2316.75,Average,Savings,South,Risky
34,92970,782,119,1171.28,Average,Investment,East,High Value
38,95553,547,151,3089.15,Good,Current,North,Risky
31,40707,455,113,1301.65,Good,Investment,North,Risky
26,49110,346,192,2909.28,Good,Savings,West,Risky
63,71788,753,51,1828.08,Average,Savings,East,High Value
18,92879,500,75,4126.58,Good,Investment,South,Risky
68,48827,423,158,4112.45,Average,Current,West,Risky
62,15655,300,44,2412.88,Average,Investment,East,Risky
30,54859,490,137,1786.55,Good,Current,North,Risky
21,63625,815,153,1844.67,Bad,Current,West,High Value
18,62098,741,136,4038.29,Bad,Investment,North,High Value
66,25251,442,27,1674.49,Bad,Current,North,Risky
57,10526,490,110,1084.84,Average,Savings,West,Risky
49,78760,832,88,469.21,Average,Investment,West,High Value
51,57837,526,147,2360.13,Average,Current,West,Risky
45,21536,612,120,2436.55,Good,Savings,West,0
48,38541,601,113,4212.5,Average,Investment,West,Standard
25,89083,759,140,1145.13,Good,Savings,North,High Value
56,61027,700,45,1935.91,Good,Savings,South,High Value
43,44531,692,116,4051.61,Bad,Savings,South,Standard
51,18712,506,151,4126.94,Bad,Current,West,Risky
20,75455,509,116,1953.82,Bad,Investment,North,Risky
67,84744,414,107,2322.66,Good,Investment,South,Risky
29,15109,550,50,1551.27,Good,Current,South,Risky
18,59268,518,160,4666.15,Good,Investment,South,Risky
61,64615,706,72,637.29,Average,Savings,North,High Value
22,92503,742,126,4672.06,Good,Investment,West,High Value
47,39759,653,19,3435.14,Bad,Current,West,Standard
47,95708,849,169,2681.28,Bad,Savings,West,High Value
34,70112,441,133,211.66,Good,Current,East,Risky
65,36589,800,199,2404.2,Good,Savings,East,Standard
64,40015,846,115,2068.35,Bad,Savings,East,Standard
40,39009,841,28,848.03,Good,Investment,North,Standard
32,93309,806,31,3299.23,Bad,Savings,South,High Value
54,72046,580,44,4857.2,Average,Current,South,Risky
38,36143,723,195,2832.83,Bad,Investment,North,Standard
31,16154,569,193,3588.03,Average,Current,North,Risky
19,31804,453,168,388.83,Good,Savings,West,Risky
28,51688,382,28,2117.45,Good,Current,West,Risky
68,74288,725,28,625.97,Average,Current,East,High Value
56,61195,574,8,3083.34,Good,Savings,East,Risky
55,30581,583,71,4695.49,Average,Investment,North,Risky
51,62648,472,38,3325.8,Good,Current,East,Risky
55,40087,626,189,430.18,Bad,Savings,South,Standard
67,59930,362,181,1805.6,Good,Investment,North,Risky
51,42981,372,185,2775.78,Bad,Investment,North,Risky
35,79298,674,120,2045.88,Bad,Investment,South,Standard
47,56167,807,27,4176.54,Average,Current,West,High Value
32,85304,697,113,4082.62,Good,Current,West,Standard
44,53408,419,73,3078.56,Average,Current,South,Risky
68,49499,736,99,1898.62,Good,Investment,South,Standard
51,62269,764,185,1313.92,Bad,Current,East,High Value
69,48559,585,66,574.08,Bad,Savings,North,Risky
55,84319,564,173,1806.74,Good,Current,East,Risky
50,58787,619,61,2095.2,Good,Current,South,Standard
41,45488,675,192,3395.32,Average,Investment,East,Standard
32,84441,388,58,3307.89,Good,Current,South,Risky
47,84663,502,74,397.04,Good,Savings,East,Risky
59,32431,633,105,2006.53,Good,Investment,East,Standard
68,71681,521,61,949.81,Average,Savings,West,Risky
34,73483,340,142,826.22,Good,Investment,South,Risky
22,59153,367,172,4145.15,Bad,Investment,East,Risky
46,16368,813,139,257.48,Average,Current,North,0
21,37424,426,107,2124.96,Average,Savings,East,Risky
27,55004,554,170,882.61,Bad,Investment,East,Risky
34,93869,315,89,4402.68,Bad,Current,North,Risky
27,98652,776,65,2807.35,Bad,Investment,South,High Value
34,66985,361,7,1195.33,Good,Investment,West,Risky
37,60069,731,132,2537.02,Bad,Investment,West,High Value
41,62326,567,183,3670.86,Good,Investment,West,Risky
22,91061,334,90,4792.68,Average,Investment,North,Risky
51,33398,793,51,1141.21,Average,Investment,East,Standard
23,60861,768,80,4436.6,Bad,Current,South,High Value
19,85897,624,42,4674.81,Good,Investment,East,Standard
30,91905,603,168,4586.28,Bad,Savings,West,Standard
60,78577,575,173,3195.3,Bad,Current,East,Risky
60,75641,500,145,3167.61,Good,Savings,North,Risky
65,19078,744,91,2045.89,Bad,Investment,North,0
28,35003,623,62,3774.37,Average,Savings,South,Standard
68,72768,334,54,2679.91,Bad,Investment,South,Risky
64,61047,781,34,3403.32,Good,Investment,West,High Value
40,81626,779,194,2170.87,Good,Current,South,High Value
33,67660,364,105,3670.91,Average,Current,East,Risky
48,59786,307,29,4131.13,Good,Investment,North,Risky
28,11925,600,116,774.86,Good,Current,North,0
33,93976,642,159,4173.0,Average,Savings,North,Standard
25,36015,730,183,2724.47,Bad,Current,South,Standard
21,43320,723,189,4231.1,Average,Current,North,Standard
57,74881,631,130,2184.94,Bad,Savings,North,Standard
21,36289,737,127,1926.25,Average,Current,North,Standard
42,13389,473,51,4579.55,Bad,Investment,West,Risky
20,35683,826,122,1293.29,Average,Savings,West,Standard
49,23629,325,43,4228.85,Bad,Investment,South,Risky
20,71550,705,20,2445.9,Average,Savings,North,High Value
44,34826,531,26,2594.77,Bad,Investment,South,Risky
46,36630,832,58,1576.92,Average,Investment,North,Standard
49,56163,849,153,2886.56,Good,Current,North,High Value
67,76435,804,20,1659.8,Bad,Investment,North,High Value
68,21653,478,63,244.38,Average,Current,South,Risky
36,37961,431,35,1396.39,Bad,Savings,South,Risky
38,91941,754,174,81.58,Bad,Investment,North,High Value
22,84137,647,36,4892.86,Average,Investment,East,Standard
35,43662,839,191,4830.45,Bad,Savings,South,Standard
45,66446,705,166,2006.02,Average,Savings,West,High Value
59,31288,375,13,3655.44,Good,Investment,South,Risky
39,46877,791,143,1761.74,Bad,Savings,North,Standard
38,25313,493,14,3371.91,Good,Current,East,Risky
23,90885,461,21,4036.88,Bad,Savings,North,Risky
18,82715,646,72,4736.44,Bad,Savings,West,Standard
22,20326,660,52,2031.05,Bad,Investment,South,0
58,11560,386,184,3927.33,Average,Current,South,Risky
29,89148,561,115,1366.35,Good,Savings,North,Risky
43,93186,513,157,4952.14,Bad,Current,North,Risky
63,36745,561,127,177.56,Average,Current,West,Risky
51,41890,582,153,3037.47,Bad,Current,East,Risky
66,30022,766,105,3314.55,Average,Investment,West,Standard
31,62579,679,106,3455.83,Bad,Savings,East,Standard
43,80316,661,69,645.92,Good,Investment,South,Standard
62,93847,748,195,4695.72,Good,Savings,East,High Value
44,38380,740,55,946.86,Bad,Savings,East,Standard
26,12356,392,40,3132.63,Average,Investment,South,Risky
43,80326,723,85,1152.25,Bad,Current,South,High Value
64,99899,441,131,1570.72,Average,Current,South,Risky
39,30049,590,92,2754.97,Bad,Savings,West,Risky
64,85717,731,198,2115.11,Average,Investment,South,High Value
47,26082,348,108,843.12,Good,Current,North,Risky
60,10661,601,19,896.14,Bad,Current,South,0
65,47412,489,100,2119.82,Good,Savings,South,Risky
34,12920,435,171,3798.55,Good,Savings,South,Risky
43,70315,703,127,4494.93,Bad,Investment,East,High Value
53,89561,640,5,466.43,Bad,Savings,West,Standard
18,18946,617,155,1995.86,Average,Current,South,0
25,55500,662,126,546.22,Average,Current,West,Standard
66,26309,681,171,132.13,Good,Current,North,0
52,65230,532,130,3325.51,Average,Current,North,Risky
69,40027,643,61,3032.12,Average,Investment,South,Standard
32,82541,848,85,856.94,Bad,Investment,North,High Value
64,69321,828,166,1207.37,Average,Savings,West,High Value
39,10956,482,173,167.35,Good,Savings,East,Risky
31,84131,340,77,4182.99,Average,Savings,South,Risky
43,57908,696,145,4874.72,Good,Investment,North,Standard
45,88339,793,74,720.52,Bad,Current,West,High Value
40,35963,632,10,1195.8,Good,Savings,West,Standard
31,49443,426,88,4348.63,Average,Current,North,Risky
41,49063,300,56,4636.0,Bad,Savings,West,Risky
19,90818,467,7,2127.16,Average,Savings,West,Risky
62,14703,318,85,300.58,Bad,Savings,South,Risky
43,75128,631,67,244.99,Bad,Savings,West,Standard
31,82099,755,53,2891.05,Average,Savings,North,High Value
68,35849,408,80,1994.83,Average,Current,South,Risky
24,41860,567,116,191.83,Bad,Savings,North,Risky
20,41585,744,179,2937.1,Bad,Current,East,Standard
64,32015,539,113,105.95,Average,Investment,North,Risky
40,87539,600,187,3947.49,Good,Savings,North,Standard
63,53585,402,196,1566.84,Average,Current,South,Risky
60,36958,549,69,249.28,Bad,Investment,West,Risky
64,36017,752,85,2962.34,Average,Investment,North,Standard
62,86707,819,199,2018.54,Good,Investment,South,High Value
35,55350,452,19,4870.31,Average,Current,East,Risky
55,22201,473,104,2743.78,Bad,Savings,South,Risky
